{"cameraMode":{"drawMode":0,"name":"Shaded","section":"Shading Mode"},"sceneLighting":true,"audioPlay":false,"sceneViewState":{"showFog":true,"showMaterialUpdate":false,"showSkybox":true,"showFlares":true,"showImageEffects":true,"showParticleSystems":true},"in2DMode":false,"pivot":{"x":-35.795799255371097,"y":9.554009437561036,"z":11.24937915802002},"rotation":{"x":0.21306800842285157,"y":0.6681821942329407,"z":-0.20889143645763398,"w":0.6815423369407654},"size":125.92756652832031,"orthographic":false}