{"cameraMode":{"drawMode":0,"name":"Shaded","section":"Shading Mode"},"sceneLighting":false,"audioPlay":false,"sceneViewState":{"showFog":true,"showMaterialUpdate":false,"showSkybox":false,"showFlares":true,"showImageEffects":true,"showParticleSystems":true},"in2DMode":false,"pivot":{"x":-63.45000076293945,"y":3.4999947547912599,"z":64.00000762939453},"rotation":{"x":-0.2571588456630707,"y":0.013617065735161305,"z":-0.003654499538242817,"w":-0.9662991166114807},"size":154.72227478027345,"orthographic":true}