{"cameraMode":{"drawMode":0,"name":"Shaded","section":"Shading Mode"},"sceneLighting":false,"audioPlay":false,"sceneViewState":{"showFog":true,"showMaterialUpdate":false,"showSkybox":false,"showFlares":true,"showImageEffects":true,"showParticleSystems":true},"in2DMode":false,"pivot":{"x":-0.3166677951812744,"y":0.6029157638549805,"z":-2.869598388671875},"rotation":{"x":0.26844266057014468,"y":-0.11811668425798416,"z":0.033185992389917377,"w":0.9554502367973328},"size":12.863140106201172,"orthographic":false}